{
	"format_version": "1.8.0",
	"animations": {
		"dragonfly.fly": {
			"loop": true,
			"animation_length": 1,
			"bones": {
				"body": {
					"rotation": {
						"0.0": {
							"vector": [15, 0, 0]
						},
						"0.25": {
							"vector": [17.48436, 0.75155, -2.38443]
						},
						"0.5": {
							"vector": [15, 0, 0]
						},
						"0.75": {
							"vector": [17.48436, -0.75155, 2.38443]
						},
						"1.0": {
							"vector": [15, 0, 0]
						}
					}
				},
				"head": {
					"rotation": {
						"0.0": {
							"vector": [25, 0, 0]
						},
						"0.25": {
							"vector": [17.48436, 0.75155, -2.38443],
							"easing": "easeInSine"
						},
						"0.5": {
							"vector": [25, 0, 0],
							"easing": "easeInSine"
						},
						"0.75": {
							"vector": [17.43745, -1.50179, 4.76968],
							"easing": "easeInSine"
						},
						"1.0": {
							"vector": [25, 0, 0],
							"easing": "easeInSine"
						}
					},
					"position": {
						"vector": [0, 0.5, 0]
					}
				},
				"tail": {
					"rotation": {
						"0.0": {
							"vector": [0, 0, 0]
						},
						"0.25": {
							"vector": [0, -2.5, 7.5]
						},
						"0.5": {
							"vector": [0, 0, 0]
						},
						"0.75": {
							"vector": [0, 2.5, -7.5]
						},
						"1.0": {
							"vector": [0, 0, 0]
						}
					},
					"position": {
						"vector": [0, -0.1, 0]
					}
				},
				"bone": {
					"rotation": {
						"0.0": {
							"vector": [0, 0, 15]
						},
						"0.125": {
							"vector": [0, 0, -30]
						},
						"0.25": {
							"vector": [0, 0, 15]
						},
						"0.375": {
							"vector": [0, 0, -30]
						},
						"0.5": {
							"vector": [0, 0, 15]
						},
						"0.625": {
							"vector": [0, 0, -30]
						},
						"0.75": {
							"vector": [0, 0, 15]
						},
						"0.875": {
							"vector": [0, 0, -30]
						},
						"1.0": {
							"vector": [0, 0, 15]
						}
					}
				},
				"bone2": {
					"rotation": {
						"0.0": {
							"vector": [4.33287, 2.49762, -29.9055]
						},
						"0.125": {
							"vector": [4.83045, -1.29256, 14.94548]
						},
						"0.25": {
							"vector": [4.33287, 2.49762, -29.9055]
						},
						"0.375": {
							"vector": [4.83045, -1.29256, 14.94548]
						},
						"0.5": {
							"vector": [4.33287, 2.49762, -29.9055]
						},
						"0.625": {
							"vector": [4.83045, -1.29256, 14.94548]
						},
						"0.75": {
							"vector": [4.33287, 2.49762, -29.9055]
						},
						"0.875": {
							"vector": [4.83045, -1.29256, 14.94548]
						},
						"1.0": {
							"vector": [4.33287, 2.49762, -29.9055]
						}
					}
				},
				"bone3": {
					"rotation": {
						"0.0": {
							"vector": [0, 0, 30]
						},
						"0.125": {
							"vector": [0, 0, -15]
						},
						"0.25": {
							"vector": [0, 0, 30]
						},
						"0.375": {
							"vector": [0, 0, -15]
						},
						"0.5": {
							"vector": [0, 0, 30]
						},
						"0.625": {
							"vector": [0, 0, -15]
						},
						"0.75": {
							"vector": [0, 0, 30]
						},
						"0.875": {
							"vector": [0, 0, -15]
						},
						"1.0": {
							"vector": [0, 0, 30]
						}
					}
				},
				"bone4": {
					"rotation": {
						"0.0": {
							"vector": [0, 0, -15]
						},
						"0.125": {
							"vector": [0, 0, 30]
						},
						"0.25": {
							"vector": [0, 0, -15]
						},
						"0.375": {
							"vector": [0, 0, 30]
						},
						"0.5": {
							"vector": [0, 0, -15]
						},
						"0.625": {
							"vector": [0, 0, 30]
						},
						"0.75": {
							"vector": [0, 0, -15]
						},
						"0.875": {
							"vector": [0, 0, 30]
						},
						"1.0": {
							"vector": [0, 0, -15]
						}
					}
				},
				"bone5": {
					"rotation": {
						"0.0": {
							"vector": [0, 0, -7.5]
						},
						"0.25": {
							"vector": [0, 0, -2.5]
						},
						"0.5": {
							"vector": [0, 0, -7.5]
						},
						"0.75": {
							"vector": [0, 0, -2.5]
						},
						"1.0": {
							"vector": [0, 0, -7.5]
						}
					}
				},
				"bone6": {
					"rotation": {
						"0.0": {
							"vector": [0, 0, 7.5]
						},
						"0.25": {
							"vector": [0, 0, 2.5]
						},
						"0.5": {
							"vector": [0, 0, 7.5]
						},
						"0.75": {
							"vector": [0, 0, 2.5]
						},
						"1.0": {
							"vector": [0, 0, 7.5]
						}
					}
				}
			}
		},
		"dragonfly.idle": {
			"loop": true,
			"animation_length": 1.5,
			"bones": {
				"body": {
					"rotation": {
						"vector": [0, 0, 0]
					}
				},
				"bone4": {
					"rotation": {
						"0.0": {
							"vector": [6.31388, 60.92787, -9.97708]
						},
						"0.75": {
							"vector": [10.7291, 60.55709, -4.91707],
							"easing": "easeInElastic"
						},
						"1.5": {
							"vector": [6.31388, 60.92787, -9.97708],
							"easing": "easeInElastic"
						}
					},
					"position": {
						"vector": [0, 0, 0]
					}
				},
				"bone3": {
					"rotation": {
						"0.0": {
							"vector": [2.5, 65, 0]
						},
						"0.5": {
							"vector": [7.81505, 64.77499, 5.86896]
						},
						"0.5417": {
							"vector": [22.57471, 62.79016, 22.29679],
							"easing": "easeInElastic",
							"easingArgs": [3]
						},
						"0.5833": {
							"vector": [7.81505, 64.77499, 5.86896]
						},
						"0.75": {
							"vector": [7.81505, 64.77499, 5.86896]
						},
						"1.5": {
							"vector": [2.5, 65, 0]
						}
					}
				},
				"bone": {
					"rotation": {
						"0.0": {
							"vector": [6.31388, -60.92787, 9.97708]
						},
						"0.75": {
							"vector": [10.7291, -60.55709, 4.91707],
							"easing": "easeInElastic"
						},
						"1.5": {
							"vector": [6.31388, -60.92787, 9.97708],
							"easing": "easeInElastic"
						}
					}
				},
				"bone2": {
					"rotation": {
						"0.0": {
							"vector": [0, -65, 0]
						},
						"0.5": {
							"vector": [5.34402, -64.88331, -5.89834]
						},
						"0.5417": {
							"vector": [32.81658, -59.80983, -36.72517],
							"easing": "easeInElastic",
							"easingArgs": [3]
						},
						"0.5833": {
							"vector": [5.34402, -64.88331, -5.89834]
						},
						"0.75": {
							"vector": [5.34402, -64.88331, -5.89834]
						},
						"1.5": {
							"vector": [0, -65, 0]
						}
					}
				},
				"bone6": {
					"rotation": {
						"vector": [0, 0, 15]
					},
					"position": {
						"vector": [1, 1, 0]
					}
				},
				"bone5": {
					"rotation": {
						"vector": [0, 0, -15]
					},
					"position": {
						"vector": [-1, 1, 0]
					}
				},
				"tail": {
					"rotation": {
						"0.0": {
							"vector": [-2.5, 0, 0]
						},
						"0.75": {
							"vector": [-5, 0, 0],
							"easing": "easeInOutQuad"
						},
						"1.5": {
							"vector": [-2.5, 0, 0],
							"easing": "easeInOutQuad"
						}
					}
				},
				"head": {
					"rotation": {
						"0.0": {
							"vector": [10, 0, 0]
						},
						"0.75": {
							"vector": [5, 0, 0],
							"easing": "easeInOutQuad"
						},
						"1.5": {
							"vector": [10, 0, 0],
							"easing": "easeInOutQuad"
						}
					}
				}
			}
		},
		"dragonfly.perch": {
			"animation_length": 0.29167,
			"bones": {
				"body": {
					"rotation": {
						"0.0": {
							"vector": [15, 0, 0]
						},
						"0.125": {
							"vector": [-10, 0, 0]
						},
						"0.25": {
							"vector": [0, 0, 0]
						}
					}
				},
				"bone4": {
					"rotation": {
						"0.0": {
							"vector": [0, 0, -15]
						},
						"0.0833": {
							"vector": [0, 0, 30]
						},
						"0.125": {
							"vector": [0, 0, 10]
						},
						"0.25": {
							"vector": [6.31388, 60.92787, -9.97708]
						}
					},
					"position": {
						"vector": [0, 0, 0]
					}
				},
				"bone3": {
					"rotation": {
						"0.0": {
							"vector": [0, 0, 30]
						},
						"0.0833": {
							"vector": [0, 0, -15]
						},
						"0.125": {
							"vector": [0, 0, 0]
						},
						"0.25": {
							"vector": [2.5, 65, 0]
						}
					}
				},
				"bone": {
					"rotation": {
						"0.0": {
							"vector": [0, 0, 15]
						},
						"0.0833": {
							"vector": [0, 0, -30]
						},